{
  "mean": [
    117.47322108108108,
    17.033092186732187,
    86.42339012285012,
    144.55248206388205,
    58.12910002457002,
    0.003282309582309582,
    0.587315601965602,
    83.09589982800982,
    113.87641899262898,
    48.19270206388206,
    547.5866583046684,
    0.1515572727272727,
    1794.610932014742,
    4787.266457469287,
    0.5051011547911548,
    6581.87739004914,
    81.76694098280097,
    59.29678943488943,
    6.5178748157248165,
    -1.9850586486486486,
    -7.56902171990172,
    2.4621415724815723,
    52.16215557739558,
    104.9086931941032,
    24.291281031941033,
    13.681626388206388,
    78.64532592137591,
    51.507281842751844,
    120.56928746928747,
    122.58402056511055
  ],
  "std": [
    24.636221408876843,
    4.965139905634454,
    14.849083530135927,
    19.631309975365177,
    9.00677270040655,
    0.4871102769679935,
    0.17751823213922746,
    28.68460095677612,
    39.88591744760764,
    18.47073789270313,
    116.67554285578494,
    0.043796825246276615,
    1877.1990345103134,
    4315.555278839132,
    0.5808975203984389,
    5405.456388476654,
    5.223731816501799,
    9.982459236071756,
    2.8188541607146047,
    3.28838168940161,
    2.939140829120884,
    2.96907884619131,
    43.781812630070284,
    97.74457685805224,
    17.2893449746621,
    3.3301719898234823,
    70.64240533558849,
    19.675130335105976,
    23.917435586724707,
    25.42610931074982
  ],
  "feature_names": [
    "mean_hr_bpm",
    "hr_std_bpm",
    "hr_min_bpm",
    "hr_max_bpm",
    "hr_range_bpm",
    "hr_slope_bpm_per_s",
    "nn_quality_ratio",
    "sdnn_ms",
    "rmssd_ms",
    "pnn50_pct",
    "mean_nn_ms",
    "cv_nn",
    "lf_power_ms2",
    "hf_power_ms2",
    "lf_hf_ratio",
    "total_power_ms2",
    "spo2_mean_pct",
    "spo2_min_pct",
    "spo2_std_pct",
    "accel_x_mean",
    "accel_y_mean",
    "accel_z_mean",
    "accel_x_var",
    "accel_y_var",
    "accel_z_var",
    "accel_mag_mean",
    "accel_mag_var",
    "accel_peak",
    "total_steps",
    "cadence_spm"
  ],
  "num_classes": 2,
  "fatigue_thresholds": {
    "mild_max": 0.25,
    "moderate_max": 0.5,
    "high_max": 0.75
  },
  "fatigue_level_names": [
    "Mild",
    "Moderate",
    "High",
    "Critical"
  ]
}