{
  "mean": [
    117.46608174895603,
    17.031486379267992,
    86.41892472365511,
    144.53906510685331,
    58.12014442397445,
    0.0032957320259311977,
    0.5873710513387375,
    83.09867813804962,
    113.87289080078605,
    48.196040616556125,
    547.6442389093588,
    0.1515532792925571,
    1794.0678975558828,
    4787.420698329649,
    0.5051250798329648,
    6579.974337140752,
    81.76649401866864,
    59.31223866371899,
    6.518166838614591,
    -1.9862009450574554,
    -7.568400496178013,
    2.4609954076689116,
    52.14779701958844,
    104.86802131243599,
    24.288719079925677,
    13.680885556374355,
    78.64340266519282,
    51.49693472119872,
    120.57055238270695,
    122.58200826578238
  ],
  "std": [
    24.6391661631395,
    4.966093877451962,
    14.851573454003374,
    19.637775254450492,
    9.015489709270044,
    0.4871597745320677,
    0.17752206862744335,
    28.69455584106054,
    39.879287025635705,
    18.470242253401924,
    116.70373843043674,
    0.04379343989653438,
    1877.443552505568,
    4315.422732411366,
    0.5809930579509658,
    5405.246396797524,
    5.2237829676353655,
    9.965891975106153,
    2.8191030937536325,
    3.2883891382582076,
    2.9390958292716673,
    2.96926908714385,
    43.77819988999431,
    97.76984257385821,
    17.290815373699985,
    3.330833955269417,
    70.63184419302722,
    19.679714827125427,
    23.906684603189092,
    25.419453373407517
  ],
  "feature_names": [
    "mean_hr_bpm",
    "hr_std_bpm",
    "hr_min_bpm",
    "hr_max_bpm",
    "hr_range_bpm",
    "hr_slope_bpm_per_s",
    "nn_quality_ratio",
    "sdnn_ms",
    "rmssd_ms",
    "pnn50_pct",
    "mean_nn_ms",
    "cv_nn",
    "lf_power_ms2",
    "hf_power_ms2",
    "lf_hf_ratio",
    "total_power_ms2",
    "spo2_mean_pct",
    "spo2_min_pct",
    "spo2_std_pct",
    "accel_x_mean",
    "accel_y_mean",
    "accel_z_mean",
    "accel_x_var",
    "accel_y_var",
    "accel_z_var",
    "accel_mag_mean",
    "accel_mag_var",
    "accel_peak",
    "total_steps",
    "cadence_spm"
  ],
  "num_classes": 2,
  "fatigue_thresholds": {
    "mild_max": 0.25,
    "moderate_max": 0.5,
    "high_max": 0.75
  },
  "fatigue_level_names": [
    "Mild",
    "Moderate",
    "High",
    "Critical"
  ]
}