{
  "mean": [
    117.46608174895603,
    17.031486379267992,
    86.41892472365511,
    144.53906510685331,
    58.12014442397445,
    0.0032957320259311977,
    0.5873710513387375,
    83.09867813804962,
    113.87289080078605,
    48.196040616556125,
    547.6442389093588,
    0.1515532792925571,
    1794.0678975558828,
    4787.420698329649,
    0.5051250798329648,
    6579.974337140752,
    81.76649401866864,
    59.31223866371899,
    6.518166838614591
  ],
  "std": [
    24.6391661631395,
    4.966093877451962,
    14.851573454003374,
    19.637775254450492,
    9.015489709270044,
    0.4871597745320677,
    0.17752206862744335,
    28.69455584106054,
    39.879287025635705,
    18.470242253401924,
    116.70373843043674,
    0.04379343989653438,
    1877.443552505568,
    4315.422732411366,
    0.5809930579509658,
    5405.246396797524,
    5.2237829676353655,
    9.965891975106153,
    2.8191030937536325
  ],
  "feature_names": [
    "mean_hr_bpm",
    "hr_std_bpm",
    "hr_min_bpm",
    "hr_max_bpm",
    "hr_range_bpm",
    "hr_slope_bpm_per_s",
    "nn_quality_ratio",
    "sdnn_ms",
    "rmssd_ms",
    "pnn50_pct",
    "mean_nn_ms",
    "cv_nn",
    "lf_power_ms2",
    "hf_power_ms2",
    "lf_hf_ratio",
    "total_power_ms2",
    "spo2_mean_pct",
    "spo2_min_pct",
    "spo2_std_pct"
  ],
  "num_classes": 2,
  "fatigue_thresholds": {
    "mild_max": 0.25,
    "moderate_max": 0.5,
    "high_max": 0.75
  },
  "fatigue_level_names": [
    "Mild",
    "Moderate",
    "High",
    "Critical"
  ]
}